{
    "info": {
      "_id": "fl00016",
      "Source IP": "192.168.10.5",
      "Source Port": 45400,
      "Destination IP": "192.168.10.10",
      "Protocol": 6,
      "Timestamp": "2024-09-02 16:08:58",
      "Destination Port": 22,
      "Flow Duration": 19033606,
      "Total Fwd Packets": 17,
      "Total Backward Packets": 28,
      "Total Length of Fwd Packets": 2035,
      "Total Length of Bwd Packets": 3280,
      "Fwd Packet Length Max": 162,
      "Fwd Packet Length Min": 66,
      "Fwd Packet Length Mean": 119.70588235294117,
      "Fwd Packet Length Std": 36.43489714688113,
      "Bwd Packet Length Max": 610,
      "Bwd Packet Length Min": 66,
      "Bwd Packet Length Mean": 117.14285714285714,
      "Bwd Packet Length Std": 101.5162598818936,
      "Flow Bytes/s": 279.24293057192295,
      "Flow Packets/s": 2.3642392992919157,
      "Flow IAT Mean": 432.58196115493774,
      "Flow IAT Std": 1128.7976814416747,
      "Flow IAT Max": 4675.934314727783,
      "Flow IAT Min": 0.021457672119140625,
      "Fwd IAT Total": 19033.60629081726,
      "Fwd IAT Mean": 1189.6003931760788,
      "Fwd IAT Std": 1637.6192322029985,
      "Fwd IAT Max": 4678.544759750366,
      "Fwd IAT Min": 0.37288665771484375,
      "Bwd IAT Total": 19033.154249191284,
      "Bwd IAT Mean": 704.9316388589365,
      "Bwd IAT Std": 1372.7631803281736,
      "Bwd IAT Max": 4675.934314727783,
      "Bwd IAT Min": 0.1316070556640625,
      "Fwd PSH Flags": 0,
      "Bwd PSH Flags": 0,
      "Fwd URG Flags": 0,
      "Bwd URG Flags": 0,
      "Fwd Header Length": 340,
      "Bwd Header Length": 560,
      "Fwd Packets/s": 0.8931570686213904,
      "Bwd Packets/s": 1.4710822306705253,
      "Min Packet Length": 66,
      "Max Packet Length": 610,
      "Packet Length Mean": 118.11111111111111,
      "Packet Length Std": 83.15880984189822,
      "Packet Length Variance": 6915.387654320987,
      "FIN Flag Count": 1,
      "SYN Flag Count": 0,
      "RST Flag Count": 0,
      "PSH Flag Count": 0,
      "ACK Flag Count": 0,
      "URG Flag Count": 0,
      "CWE Flag Count": 0,
      "ECE Flag Count": 0,
      "Down/Up Ratio": 1.6470588235294117,
      "Average Packet Size": 118.11111111111111,
      "Avg Fwd Segment Size": 119.70588235294117,
      "Avg Bwd Segment Size": 117.14285714285714,
      "Fwd Header Length.1": 340,
      "Fwd Avg Bytes/Bulk": 0,
      "Fwd Avg Packets/Bulk": 0,
      "Fwd Avg Bulk Rate": 0,
      "Bwd Avg Bytes/Bulk": 0,
      "Bwd Avg Packets/Bulk": 0,
      "Bwd Avg Bulk Rate": 0,
      "Subflow Fwd Packets": 17,
      "Subflow Fwd Bytes": 2035,
      "Subflow Bwd Packets": 28,
      "Subflow Bwd Bytes": 3280,
      "Init_Win_bytes_forward": 64240,
      "Init_Win_bytes_backward": 501,
      "act_data_pkt_fwd": 13,
      "min_seg_size_forward": 20,
      "Active Mean": 2359.8992824554443,
      "Active Std": 27.13489532470703,
      "Active Max": 2387.0341777801514,
      "Active Min": 2332.7643871307373,
      "Idle Mean": 2339.1428788503013,
      "Idle Std": 1903.7307643340614,
      "Idle Max": 4675.934314727783,
      "Idle Min": 12.800455093383789
    },
    "pre_rf_ae": {
      "flow_id": "fl00016",
      "normal": 1,
      "portscan": 0,
      "dos_slowloris": 0,
      "bruce_force": 99,
      "MSE_Autoencoder": 0.0051692123566640675,
      "time": "2024-09-02 16:08:58"
    },
    "bert": {
      "Normal": 22,
      "DDoS": 0,
      "DoS Hulk": 0,
      "DoS GoldenEye": 0,
      "SSH Patator": 23,
      "FTP Patator": 0,
      "Port Scan": 0
    }
  }